,threshold,metric,value,vacc_cov
0,0.001,n_moves,41.0,
1,0.001,ss_assort,0.04004227053865904,
2,0.001,modul,0.675604159996459,
3,0.001,esti_uppb_epi,451.564,0.5
4,0.001,esti_uppb_epi,192.54,0.6
5,0.001,esti_uppb_epi,10.473333333333333,0.7
6,0.001,esti_uppb_epi,4.6,0.8
7,0.001,esti_uppb_epi,2.22,0.9
8,0.001,n_moves,39.0,
9,0.001,ss_assort,0.0369428505681615,
10,0.001,modul,0.6469622599960473,
11,0.001,esti_uppb_epi,457.436,0.5
12,0.001,esti_uppb_epi,120.185,0.6
13,0.001,esti_uppb_epi,18.753333333333334,0.7
14,0.001,esti_uppb_epi,7.22,0.8
15,0.001,esti_uppb_epi,2.5,0.9
16,0.001,n_moves,36.0,
17,0.001,ss_assort,-0.0468539038834337,
18,0.001,modul,0.6453180999963138,
19,0.001,esti_uppb_epi,395.412,0.5
20,0.001,esti_uppb_epi,24.975,0.6
21,0.001,esti_uppb_epi,12.06,0.7
22,0.001,esti_uppb_epi,5.29,0.8
23,0.001,esti_uppb_epi,2.24,0.9
24,0.001,n_moves,44.0,
25,0.001,ss_assort,-0.0065792360767455,
26,0.001,modul,0.6474533599959867,
27,0.001,esti_uppb_epi,468.724,0.5
28,0.001,esti_uppb_epi,166.37,0.6
29,0.001,esti_uppb_epi,14.373333333333333,0.7
30,0.001,esti_uppb_epi,5.59,0.8
31,0.001,esti_uppb_epi,2.46,0.9
32,0.001,n_moves,46.0,
33,0.001,ss_assort,0.029683718643121436,
34,0.001,modul,0.6750806599963067,
35,0.001,esti_uppb_epi,494.036,0.5
36,0.001,esti_uppb_epi,93.91,0.6
37,0.001,esti_uppb_epi,12.64,0.7
38,0.001,esti_uppb_epi,6.64,0.8
39,0.001,esti_uppb_epi,1.88,0.9
40,0.001,n_moves,37.0,
41,0.001,ss_assort,0.04612131592059365,
42,0.001,modul,0.6860853799967319,
43,0.001,esti_uppb_epi,375.596,0.5
44,0.001,esti_uppb_epi,113.795,0.6
45,0.001,esti_uppb_epi,55.70666666666666,0.7
46,0.001,esti_uppb_epi,5.38,0.8
47,0.001,esti_uppb_epi,2.52,0.9
48,0.001,n_moves,42.0,
49,0.001,ss_assort,0.09644796364171032,
50,0.001,modul,0.6463980199959691,
51,0.001,esti_uppb_epi,457.648,0.5
52,0.001,esti_uppb_epi,54.08,0.6
53,0.001,esti_uppb_epi,12.053333333333333,0.7
54,0.001,esti_uppb_epi,6.43,0.8
55,0.001,esti_uppb_epi,2.4,0.9
56,0.001,n_moves,36.0,
57,0.001,ss_assort,0.06582761718482423,
58,0.001,modul,0.7076162399969408,
59,0.001,esti_uppb_epi,314.892,0.5
60,0.001,esti_uppb_epi,75.225,0.6
61,0.001,esti_uppb_epi,11.44,0.7
62,0.001,esti_uppb_epi,4.76,0.8
63,0.001,esti_uppb_epi,2.6,0.9
64,0.001,n_moves,38.0,
65,0.001,ss_assort,-0.006770273616767553,
66,0.001,modul,0.6941163399968785,
67,0.001,esti_uppb_epi,360.928,0.5
68,0.001,esti_uppb_epi,84.825,0.6
69,0.001,esti_uppb_epi,14.186666666666667,0.7
70,0.001,esti_uppb_epi,4.93,0.8
71,0.001,esti_uppb_epi,2.12,0.9
72,0.001,n_moves,36.0,
73,0.001,ss_assort,-0.0533090751966617,
74,0.001,modul,0.6793162399967171,
75,0.001,esti_uppb_epi,357.332,0.5
76,0.001,esti_uppb_epi,51.8,0.6
77,0.001,esti_uppb_epi,9.933333333333334,0.7
78,0.001,esti_uppb_epi,5.58,0.8
79,0.001,esti_uppb_epi,4.18,0.9
80,0.0019947365987750282,n_moves,88.0,
81,0.0019947365987750282,ss_assort,0.070925584822825,
82,0.0019947365987750282,modul,0.6616956599967684,
83,0.0019947365987750282,esti_uppb_epi,482.264,0.5
84,0.0019947365987750282,esti_uppb_epi,141.99,0.6
85,0.0019947365987750282,esti_uppb_epi,24.54,0.7
86,0.0019947365987750282,esti_uppb_epi,6.13,0.8
87,0.0019947365987750282,esti_uppb_epi,2.3,0.9
88,0.0019947365987750282,n_moves,63.0,
89,0.0019947365987750282,ss_assort,0.06243701270527688,
90,0.0019947365987750282,modul,0.6906407599971917,
91,0.0019947365987750282,esti_uppb_epi,406.248,0.5
92,0.0019947365987750282,esti_uppb_epi,262.3,0.6
93,0.0019947365987750282,esti_uppb_epi,42.36666666666667,0.7
94,0.0019947365987750282,esti_uppb_epi,5.63,0.8
95,0.0019947365987750282,esti_uppb_epi,2.88,0.9
96,0.0019947365987750282,n_moves,95.0,
97,0.0019947365987750282,ss_assort,-0.010616103951542466,
98,0.0019947365987750282,modul,0.6409954399965276,
99,0.0019947365987750282,esti_uppb_epi,498.004,0.5
100,0.0019947365987750282,esti_uppb_epi,156.98,0.6
101,0.0019947365987750282,esti_uppb_epi,19.686666666666667,0.7
102,0.0019947365987750282,esti_uppb_epi,6.51,0.8
103,0.0019947365987750282,esti_uppb_epi,2.32,0.9
104,0.0019947365987750282,n_moves,80.0,
105,0.0019947365987750282,ss_assort,0.028425342315788214,
106,0.0019947365987750282,modul,0.6857389799967922,
107,0.0019947365987750282,esti_uppb_epi,423.692,0.5
108,0.0019947365987750282,esti_uppb_epi,215.2,0.6
109,0.0019947365987750282,esti_uppb_epi,24.326666666666668,0.7
110,0.0019947365987750282,esti_uppb_epi,7.01,0.8
111,0.0019947365987750282,esti_uppb_epi,2.04,0.9
112,0.0019947365987750282,n_moves,71.0,
113,0.0019947365987750282,ss_assort,0.0435115585229744,
114,0.0019947365987750282,modul,0.6941445399970315,
115,0.0019947365987750282,esti_uppb_epi,391.148,0.5
116,0.0019947365987750282,esti_uppb_epi,290.34,0.6
117,0.0019947365987750282,esti_uppb_epi,22.073333333333334,0.7
118,0.0019947365987750282,esti_uppb_epi,5.7,0.8
119,0.0019947365987750282,esti_uppb_epi,2.64,0.9
120,0.0019947365987750282,n_moves,69.0,
121,0.0019947365987750282,ss_assort,0.05533829852946553,
122,0.0019947365987750282,modul,0.6528872199962923,
123,0.0019947365987750282,esti_uppb_epi,366.72,0.5
124,0.0019947365987750282,esti_uppb_epi,197.575,0.6
125,0.0019947365987750282,esti_uppb_epi,22.84,0.7
126,0.0019947365987750282,esti_uppb_epi,4.5,0.8
127,0.0019947365987750282,esti_uppb_epi,2.26,0.9
128,0.0019947365987750282,n_moves,63.0,
129,0.0019947365987750282,ss_assort,0.10139570546180118,
130,0.0019947365987750282,modul,0.6724789799969324,
131,0.0019947365987750282,esti_uppb_epi,452.164,0.5
132,0.0019947365987750282,esti_uppb_epi,192.645,0.6
133,0.0019947365987750282,esti_uppb_epi,29.566666666666666,0.7
134,0.0019947365987750282,esti_uppb_epi,6.39,0.8
135,0.0019947365987750282,esti_uppb_epi,2.54,0.9
136,0.0019947365987750282,n_moves,76.0,
137,0.0019947365987750282,ss_assort,0.08913036452673301,
138,0.0019947365987750282,modul,0.6392708199964974,
139,0.0019947365987750282,esti_uppb_epi,486.136,0.5
140,0.0019947365987750282,esti_uppb_epi,116.65,0.6
141,0.0019947365987750282,esti_uppb_epi,20.286666666666665,0.7
142,0.0019947365987750282,esti_uppb_epi,6.04,0.8
143,0.0019947365987750282,esti_uppb_epi,2.52,0.9
144,0.0019947365987750282,n_moves,86.0,
145,0.0019947365987750282,ss_assort,0.02871684935622936,
146,0.0019947365987750282,modul,0.6892109399971632,
147,0.0019947365987750282,esti_uppb_epi,441.4,0.5
148,0.0019947365987750282,esti_uppb_epi,80.2,0.6
149,0.0019947365987750282,esti_uppb_epi,36.74666666666667,0.7
150,0.0019947365987750282,esti_uppb_epi,6.38,0.8
151,0.0019947365987750282,esti_uppb_epi,2.46,0.9
152,0.0019947365987750282,n_moves,74.0,
153,0.0019947365987750282,ss_assort,-0.023212110847806465,
154,0.0019947365987750282,modul,0.6644647399967704,
155,0.0019947365987750282,esti_uppb_epi,496.012,0.5
156,0.0019947365987750282,esti_uppb_epi,324.63,0.6
157,0.0019947365987750282,esti_uppb_epi,31.346666666666668,0.7
158,0.0019947365987750282,esti_uppb_epi,6.92,0.8
159,0.0019947365987750282,esti_uppb_epi,2.88,0.9
160,0.003978974098492568,n_moves,166.0,
161,0.003978974098492568,ss_assort,0.0608142690276028,
162,0.003978974098492568,modul,0.6684924599975381,
163,0.003978974098492568,esti_uppb_epi,484.256,0.5
164,0.003978974098492568,esti_uppb_epi,342.585,0.6
165,0.003978974098492568,esti_uppb_epi,46.62,0.7
166,0.003978974098492568,esti_uppb_epi,7.21,0.8
167,0.003978974098492568,esti_uppb_epi,2.36,0.9
168,0.003978974098492568,n_moves,164.0,
169,0.003978974098492568,ss_assort,0.07671493912462744,
170,0.003978974098492568,modul,0.6648471399975348,
171,0.003978974098492568,esti_uppb_epi,472.524,0.5
172,0.003978974098492568,esti_uppb_epi,380.365,0.6
173,0.003978974098492568,esti_uppb_epi,60.513333333333335,0.7
174,0.003978974098492568,esti_uppb_epi,6.14,0.8
175,0.003978974098492568,esti_uppb_epi,2.74,0.9
176,0.003978974098492568,n_moves,157.0,
177,0.003978974098492568,ss_assort,0.10709837029784912,
178,0.003978974098492568,modul,0.6882812599977947,
179,0.003978974098492568,esti_uppb_epi,488.144,0.5
180,0.003978974098492568,esti_uppb_epi,277.6,0.6
181,0.003978974098492568,esti_uppb_epi,40.32,0.7
182,0.003978974098492568,esti_uppb_epi,8.48,0.8
183,0.003978974098492568,esti_uppb_epi,2.78,0.9
184,0.003978974098492568,n_moves,147.0,
185,0.003978974098492568,ss_assort,0.1345476316468246,
186,0.003978974098492568,modul,0.6648962199975926,
187,0.003978974098492568,esti_uppb_epi,482.244,0.5
188,0.003978974098492568,esti_uppb_epi,310.35,0.6
189,0.003978974098492568,esti_uppb_epi,29.98,0.7
190,0.003978974098492568,esti_uppb_epi,7.31,0.8
191,0.003978974098492568,esti_uppb_epi,2.7,0.9
192,0.003978974098492568,n_moves,142.0,
193,0.003978974098492568,ss_assort,0.0872311863373948,
194,0.003978974098492568,modul,0.6689262599973334,
195,0.003978974098492568,esti_uppb_epi,494.028,0.5
196,0.003978974098492568,esti_uppb_epi,318.15,0.6
197,0.003978974098492568,esti_uppb_epi,112.57333333333334,0.7
198,0.003978974098492568,esti_uppb_epi,6.08,0.8
199,0.003978974098492568,esti_uppb_epi,2.08,0.9
200,0.003978974098492568,n_moves,158.0,
201,0.003978974098492568,ss_assort,0.10244722238020092,
202,0.003978974098492568,modul,0.6891916199977934,
203,0.003978974098492568,esti_uppb_epi,496.012,0.5
204,0.003978974098492568,esti_uppb_epi,328.52,0.6
205,0.003978974098492568,esti_uppb_epi,31.68,0.7
206,0.003978974098492568,esti_uppb_epi,8.57,0.8
207,0.003978974098492568,esti_uppb_epi,2.72,0.9
208,0.003978974098492568,n_moves,144.0,
209,0.003978974098492568,ss_assort,0.09907194425399753,
210,0.003978974098492568,modul,0.646505699997275,
211,0.003978974098492568,esti_uppb_epi,474.46,0.5
212,0.003978974098492568,esti_uppb_epi,355.55,0.6
213,0.003978974098492568,esti_uppb_epi,34.46666666666667,0.7
214,0.003978974098492568,esti_uppb_epi,12.06,0.8
215,0.003978974098492568,esti_uppb_epi,2.38,0.9
216,0.003978974098492568,n_moves,148.0,
217,0.003978974098492568,ss_assort,0.06802096848283534,
218,0.003978974098492568,modul,0.6622245399973,
219,0.003978974098492568,esti_uppb_epi,500.0,0.5
220,0.003978974098492568,esti_uppb_epi,270.95,0.6
221,0.003978974098492568,esti_uppb_epi,32.44,0.7
222,0.003978974098492568,esti_uppb_epi,6.28,0.8
223,0.003978974098492568,esti_uppb_epi,2.42,0.9
224,0.003978974098492568,n_moves,161.0,
225,0.003978974098492568,ss_assort,0.12478426999622957,
226,0.003978974098492568,modul,0.6907832199976044,
227,0.003978974098492568,esti_uppb_epi,498.004,0.5
228,0.003978974098492568,esti_uppb_epi,303.915,0.6
229,0.003978974098492568,esti_uppb_epi,134.24666666666667,0.7
230,0.003978974098492568,esti_uppb_epi,8.6,0.8
231,0.003978974098492568,esti_uppb_epi,3.04,0.9
232,0.003978974098492568,n_moves,149.0,
233,0.003978974098492568,ss_assort,0.1224878779439141,
234,0.003978974098492568,modul,0.6692341999971616,
235,0.003978974098492568,esti_uppb_epi,472.588,0.5
236,0.003978974098492568,esti_uppb_epi,288.755,0.6
237,0.003978974098492568,esti_uppb_epi,62.38,0.7
238,0.003978974098492568,esti_uppb_epi,5.8,0.8
239,0.003978974098492568,esti_uppb_epi,2.12,0.9
240,0.007937005259840991,n_moves,298.0,
241,0.007937005259840991,ss_assort,0.15290900899619433,
242,0.007937005259840991,modul,0.6603257999984579,
243,0.007937005259840991,esti_uppb_epi,466.868,0.5
244,0.007937005259840991,esti_uppb_epi,361.185,0.6
245,0.007937005259840991,esti_uppb_epi,197.76666666666668,0.7
246,0.007937005259840991,esti_uppb_epi,9.76,0.8
247,0.007937005259840991,esti_uppb_epi,2.44,0.9
248,0.007937005259840991,n_moves,311.0,
249,0.007937005259840991,ss_assort,0.17370115140224895,
250,0.007937005259840991,modul,0.6550390599984893,
251,0.007937005259840991,esti_uppb_epi,492.052,0.5
252,0.007937005259840991,esti_uppb_epi,353.75,0.6
253,0.007937005259840991,esti_uppb_epi,65.11333333333333,0.7
254,0.007937005259840991,esti_uppb_epi,8.38,0.8
255,0.007937005259840991,esti_uppb_epi,2.66,0.9
256,0.007937005259840991,n_moves,305.0,
257,0.007937005259840991,ss_assort,0.18828562901994067,
258,0.007937005259840991,modul,0.671124819998512,
259,0.007937005259840991,esti_uppb_epi,496.016,0.5
260,0.007937005259840991,esti_uppb_epi,363.2,0.6
261,0.007937005259840991,esti_uppb_epi,84.79333333333334,0.7
262,0.007937005259840991,esti_uppb_epi,7.44,0.8
263,0.007937005259840991,esti_uppb_epi,3.42,0.9
264,0.007937005259840991,n_moves,295.0,
265,0.007937005259840991,ss_assort,0.17882875946798749,
266,0.007937005259840991,modul,0.6771425399984474,
267,0.007937005259840991,esti_uppb_epi,480.26,0.5
268,0.007937005259840991,esti_uppb_epi,350.2,0.6
269,0.007937005259840991,esti_uppb_epi,132.53333333333333,0.7
270,0.007937005259840991,esti_uppb_epi,6.23,0.8
271,0.007937005259840991,esti_uppb_epi,2.76,0.9
272,0.007937005259840991,n_moves,283.0,
273,0.007937005259840991,ss_assort,0.15688638625710713,
274,0.007937005259840991,modul,0.6969964799987485,
275,0.007937005259840991,esti_uppb_epi,500.0,0.5
276,0.007937005259840991,esti_uppb_epi,349.92,0.6
277,0.007937005259840991,esti_uppb_epi,89.09333333333333,0.7
278,0.007937005259840991,esti_uppb_epi,13.76,0.8
279,0.007937005259840991,esti_uppb_epi,2.34,0.9
280,0.007937005259840991,n_moves,287.0,
281,0.007937005259840991,ss_assort,0.19278191854719998,
282,0.007937005259840991,modul,0.6893602399987896,
283,0.007937005259840991,esti_uppb_epi,498.004,0.5
284,0.007937005259840991,esti_uppb_epi,359.415,0.6
285,0.007937005259840991,esti_uppb_epi,115.11333333333333,0.7
286,0.007937005259840991,esti_uppb_epi,10.57,0.8
287,0.007937005259840991,esti_uppb_epi,2.8,0.9
288,0.007937005259840991,n_moves,310.0,
289,0.007937005259840991,ss_assort,0.1789119864133063,
290,0.007937005259840991,modul,0.6719794199986602,
291,0.007937005259840991,esti_uppb_epi,474.5,0.5
292,0.007937005259840991,esti_uppb_epi,374.5,0.6
293,0.007937005259840991,esti_uppb_epi,179.56,0.7
294,0.007937005259840991,esti_uppb_epi,9.02,0.8
295,0.007937005259840991,esti_uppb_epi,4.58,0.9
296,0.007937005259840991,n_moves,307.0,
297,0.007937005259840991,ss_assort,0.16002425675291873,
298,0.007937005259840991,modul,0.6770096999985191,
299,0.007937005259840991,esti_uppb_epi,492.064,0.5
300,0.007937005259840991,esti_uppb_epi,359.36,0.6
301,0.007937005259840991,esti_uppb_epi,70.92666666666666,0.7
302,0.007937005259840991,esti_uppb_epi,10.96,0.8
303,0.007937005259840991,esti_uppb_epi,3.28,0.9
304,0.007937005259840991,n_moves,273.0,
305,0.007937005259840991,ss_assort,0.18610604320603422,
306,0.007937005259840991,modul,0.657204059998047,
307,0.007937005259840991,esti_uppb_epi,496.012,0.5
308,0.007937005259840991,esti_uppb_epi,390.08,0.6
309,0.007937005259840991,esti_uppb_epi,36.473333333333336,0.7
310,0.007937005259840991,esti_uppb_epi,5.58,0.8
311,0.007937005259840991,esti_uppb_epi,2.58,0.9
312,0.007937005259840991,n_moves,316.0,
313,0.007937005259840991,ss_assort,0.20410126671534504,
314,0.007937005259840991,modul,0.6581874199985035,
315,0.007937005259840991,esti_uppb_epi,498.004,0.5
316,0.007937005259840991,esti_uppb_epi,351.82,0.6
317,0.007937005259840991,esti_uppb_epi,84.28666666666666,0.7
318,0.007937005259840991,esti_uppb_epi,5.49,0.8
319,0.007937005259840991,esti_uppb_epi,2.34,0.9
320,0.015832234876474737,n_moves,586.0,
321,0.015832234876474737,ss_assort,0.36544257856317924,
322,0.015832234876474737,modul,0.6429463399990846,
323,0.015832234876474737,esti_uppb_epi,494.024,0.5
324,0.015832234876474737,esti_uppb_epi,340.15,0.6
325,0.015832234876474737,esti_uppb_epi,214.0,0.7
326,0.015832234876474737,esti_uppb_epi,21.72,0.8
327,0.015832234876474737,esti_uppb_epi,2.32,0.9
328,0.015832234876474737,n_moves,555.0,
329,0.015832234876474737,ss_assort,0.3308985332505807,
330,0.015832234876474737,modul,0.6357558599990811,
331,0.015832234876474737,esti_uppb_epi,492.044,0.5
332,0.015832234876474737,esti_uppb_epi,400.0,0.6
333,0.015832234876474737,esti_uppb_epi,166.34666666666666,0.7
334,0.015832234876474737,esti_uppb_epi,10.0,0.8
335,0.015832234876474737,esti_uppb_epi,3.92,0.9
336,0.015832234876474737,n_moves,595.0,
337,0.015832234876474737,ss_assort,0.31757131058284804,
338,0.015832234876474737,modul,0.6353104999992975,
339,0.015832234876474737,esti_uppb_epi,496.012,0.5
340,0.015832234876474737,esti_uppb_epi,386.16,0.6
341,0.015832234876474737,esti_uppb_epi,220.99333333333334,0.7
342,0.015832234876474737,esti_uppb_epi,35.4,0.8
343,0.015832234876474737,esti_uppb_epi,2.7,0.9
344,0.015832234876474737,n_moves,598.0,
345,0.015832234876474737,ss_assort,0.285864592674332,
346,0.015832234876474737,modul,0.6326687399991756,
347,0.015832234876474737,esti_uppb_epi,480.272,0.5
348,0.015832234876474737,esti_uppb_epi,392.06,0.6
349,0.015832234876474737,esti_uppb_epi,229.25333333333333,0.7
350,0.015832234876474737,esti_uppb_epi,13.49,0.8
351,0.015832234876474737,esti_uppb_epi,2.72,0.9
352,0.015832234876474737,n_moves,582.0,
353,0.015832234876474737,ss_assort,0.3181820548805517,
354,0.015832234876474737,modul,0.6602012199992003,
355,0.015832234876474737,esti_uppb_epi,500.0,0.5
356,0.015832234876474737,esti_uppb_epi,378.41,0.6
357,0.015832234876474737,esti_uppb_epi,177.53333333333333,0.7
358,0.015832234876474737,esti_uppb_epi,23.06,0.8
359,0.015832234876474737,esti_uppb_epi,1.98,0.9
360,0.015832234876474737,n_moves,577.0,
361,0.015832234876474737,ss_assort,0.30493029037603536,
362,0.015832234876474737,modul,0.6600111199991758,
363,0.015832234876474737,esti_uppb_epi,488.112,0.5
364,0.015832234876474737,esti_uppb_epi,378.35,0.6
365,0.015832234876474737,esti_uppb_epi,224.20666666666668,0.7
366,0.015832234876474737,esti_uppb_epi,37.25,0.8
367,0.015832234876474737,esti_uppb_epi,2.58,0.9
368,0.015832234876474737,n_moves,573.0,
369,0.015832234876474737,ss_assort,0.3758816925411016,
370,0.015832234876474737,modul,0.6678325199993261,
371,0.015832234876474737,esti_uppb_epi,498.004,0.5
372,0.015832234876474737,esti_uppb_epi,388.135,0.6
373,0.015832234876474737,esti_uppb_epi,212.23333333333332,0.7
374,0.015832234876474737,esti_uppb_epi,15.52,0.8
375,0.015832234876474737,esti_uppb_epi,2.6,0.9
376,0.015832234876474737,n_moves,553.0,
377,0.015832234876474737,ss_assort,0.3253044625002185,
378,0.015832234876474737,modul,0.6595212199989939,
379,0.015832234876474737,esti_uppb_epi,500.0,0.5
380,0.015832234876474737,esti_uppb_epi,376.525,0.6
381,0.015832234876474737,esti_uppb_epi,172.98,0.7
382,0.015832234876474737,esti_uppb_epi,14.33,0.8
383,0.015832234876474737,esti_uppb_epi,2.1,0.9
384,0.015832234876474737,n_moves,579.0,
385,0.015832234876474737,ss_assort,0.3334872722224195,
386,0.015832234876474737,modul,0.6355072599990398,
387,0.015832234876474737,esti_uppb_epi,498.004,0.5
388,0.015832234876474737,esti_uppb_epi,394.035,0.6
389,0.015832234876474737,esti_uppb_epi,239.82666666666665,0.7
390,0.015832234876474737,esti_uppb_epi,47.84,0.8
391,0.015832234876474737,esti_uppb_epi,2.78,0.9
392,0.015832234876474737,n_moves,594.0,
393,0.015832234876474737,ss_assort,0.35958116290303455,
394,0.015832234876474737,modul,0.6416175599991861,
395,0.015832234876474737,esti_uppb_epi,500.0,0.5
396,0.015832234876474737,esti_uppb_epi,384.215,0.6
397,0.015832234876474737,esti_uppb_epi,259.55333333333334,0.7
398,0.015832234876474737,esti_uppb_epi,13.35,0.8
399,0.015832234876474737,esti_uppb_epi,2.3,0.9
400,0.0315811383485066,n_moves,1088.0,
401,0.0315811383485066,ss_assort,0.5508079183883163,
402,0.0315811383485066,modul,0.6080101599996622,
403,0.0315811383485066,esti_uppb_epi,500.0,0.5
404,0.0315811383485066,esti_uppb_epi,396.015,0.6
405,0.0315811383485066,esti_uppb_epi,236.21333333333334,0.7
406,0.0315811383485066,esti_uppb_epi,16.72,0.8
407,0.0315811383485066,esti_uppb_epi,2.32,0.9
408,0.0315811383485066,n_moves,1101.0,
409,0.0315811383485066,ss_assort,0.5680689143903926,
410,0.0315811383485066,modul,0.6091151199996109,
411,0.0315811383485066,esti_uppb_epi,494.036,0.5
412,0.0315811383485066,esti_uppb_epi,376.415,0.6
413,0.0315811383485066,esti_uppb_epi,234.53333333333333,0.7
414,0.0315811383485066,esti_uppb_epi,93.37,0.8
415,0.0315811383485066,esti_uppb_epi,4.3,0.9
416,0.0315811383485066,n_moves,1093.0,
417,0.0315811383485066,ss_assort,0.5288786099974031,
418,0.0315811383485066,modul,0.6154670199997996,
419,0.0315811383485066,esti_uppb_epi,498.004,0.5
420,0.0315811383485066,esti_uppb_epi,390.125,0.6
421,0.0315811383485066,esti_uppb_epi,261.47333333333336,0.7
422,0.0315811383485066,esti_uppb_epi,86.79,0.8
423,0.0315811383485066,esti_uppb_epi,5.4,0.9
424,0.0315811383485066,n_moves,1035.0,
425,0.0315811383485066,ss_assort,0.46699221102905175,
426,0.0315811383485066,modul,0.6106432799996542,
427,0.0315811383485066,esti_uppb_epi,500.0,0.5
428,0.0315811383485066,esti_uppb_epi,374.59,0.6
429,0.0315811383485066,esti_uppb_epi,246.86666666666667,0.7
430,0.0315811383485066,esti_uppb_epi,17.17,0.8
431,0.0315811383485066,esti_uppb_epi,3.3,0.9
432,0.0315811383485066,n_moves,1100.0,
433,0.0315811383485066,ss_assort,0.5089727206248936,
434,0.0315811383485066,modul,0.6105629199996842,
435,0.0315811383485066,esti_uppb_epi,498.004,0.5
436,0.0315811383485066,esti_uppb_epi,384.285,0.6
437,0.0315811383485066,esti_uppb_epi,254.11333333333334,0.7
438,0.0315811383485066,esti_uppb_epi,75.49,0.8
439,0.0315811383485066,esti_uppb_epi,2.5,0.9
440,0.0315811383485066,n_moves,1102.0,
441,0.0315811383485066,ss_assort,0.5517941179235536,
442,0.0315811383485066,modul,0.5966041399996677,
443,0.0315811383485066,esti_uppb_epi,500.0,0.5
444,0.0315811383485066,esti_uppb_epi,386.16,0.6
445,0.0315811383485066,esti_uppb_epi,255.88666666666666,0.7
446,0.0315811383485066,esti_uppb_epi,70.36,0.8
447,0.0315811383485066,esti_uppb_epi,3.82,0.9
448,0.0315811383485066,n_moves,1082.0,
449,0.0315811383485066,ss_assort,0.5215644603016358,
450,0.0315811383485066,modul,0.6107616599997154,
451,0.0315811383485066,esti_uppb_epi,494.028,0.5
452,0.0315811383485066,esti_uppb_epi,378.365,0.6
453,0.0315811383485066,esti_uppb_epi,254.04666666666665,0.7
454,0.0315811383485066,esti_uppb_epi,38.55,0.8
455,0.0315811383485066,esti_uppb_epi,4.34,0.9
456,0.0315811383485066,n_moves,1013.0,
457,0.0315811383485066,ss_assort,0.527786148149927,
458,0.0315811383485066,modul,0.6037671399996328,
459,0.0315811383485066,esti_uppb_epi,490.084,0.5
460,0.0315811383485066,esti_uppb_epi,380.295,0.6
461,0.0315811383485066,esti_uppb_epi,218.87333333333333,0.7
462,0.0315811383485066,esti_uppb_epi,62.23,0.8
463,0.0315811383485066,esti_uppb_epi,2.76,0.9
464,0.0315811383485066,n_moves,1062.0,
465,0.0315811383485066,ss_assort,0.514563034195437,
466,0.0315811383485066,modul,0.6064023799997664,
467,0.0315811383485066,esti_uppb_epi,496.016,0.5
468,0.0315811383485066,esti_uppb_epi,392.05,0.6
469,0.0315811383485066,esti_uppb_epi,257.76,0.7
470,0.0315811383485066,esti_uppb_epi,46.12,0.8
471,0.0315811383485066,esti_uppb_epi,3.78,0.9
472,0.0315811383485066,n_moves,990.0,
473,0.0315811383485066,ss_assort,0.5522919737337798,
474,0.0315811383485066,modul,0.6235528999996925,
475,0.0315811383485066,esti_uppb_epi,498.004,0.5
476,0.0315811383485066,esti_uppb_epi,384.195,0.6
477,0.0315811383485066,esti_uppb_epi,248.72,0.7
478,0.0315811383485066,esti_uppb_epi,52.34,0.8
479,0.0315811383485066,esti_uppb_epi,2.38,0.9
480,0.06299605249474363,n_moves,1823.0,
481,0.06299605249474363,ss_assort,0.7402473838891579,
482,0.06299605249474363,modul,0.48529537999983563,
483,0.06299605249474363,esti_uppb_epi,500.0,0.5
484,0.06299605249474363,esti_uppb_epi,392.065,0.6
485,0.06299605249474363,esti_uppb_epi,280.38,0.7
486,0.06299605249474363,esti_uppb_epi,116.35,0.8
487,0.06299605249474363,esti_uppb_epi,6.66,0.9
488,0.06299605249474363,n_moves,1731.0,
489,0.06299605249474363,ss_assort,0.6548829727391918,
490,0.06299605249474363,modul,0.5014721599998321,
491,0.06299605249474363,esti_uppb_epi,496.012,0.5
492,0.06299605249474363,esti_uppb_epi,386.145,0.6
493,0.06299605249474363,esti_uppb_epi,268.9266666666667,0.7
494,0.06299605249474363,esti_uppb_epi,78.05,0.8
495,0.06299605249474363,esti_uppb_epi,6.06,0.9
496,0.06299605249474363,n_moves,1782.0,
497,0.06299605249474363,ss_assort,0.6848364848896442,
498,0.06299605249474363,modul,0.4700105599998564,
499,0.06299605249474363,esti_uppb_epi,496.012,0.5
500,0.06299605249474363,esti_uppb_epi,382.235,0.6
501,0.06299605249474363,esti_uppb_epi,265.17333333333335,0.7
502,0.06299605249474363,esti_uppb_epi,108.62,0.8
503,0.06299605249474363,esti_uppb_epi,3.46,0.9
504,0.06299605249474363,n_moves,1795.0,
505,0.06299605249474363,ss_assort,0.7328038125115339,
506,0.06299605249474363,modul,0.4895410199998959,
507,0.06299605249474363,esti_uppb_epi,496.016,0.5
508,0.06299605249474363,esti_uppb_epi,396.015,0.6
509,0.06299605249474363,esti_uppb_epi,280.37333333333333,0.7
510,0.06299605249474363,esti_uppb_epi,104.29,0.8
511,0.06299605249474363,esti_uppb_epi,3.06,0.9
512,0.06299605249474363,n_moves,1824.0,
513,0.06299605249474363,ss_assort,0.7330724217436849,
514,0.06299605249474363,modul,0.4933299999998716,
515,0.06299605249474363,esti_uppb_epi,500.0,0.5
516,0.06299605249474363,esti_uppb_epi,398.005,0.6
517,0.06299605249474363,esti_uppb_epi,261.42,0.7
518,0.06299605249474363,esti_uppb_epi,134.83,0.8
519,0.06299605249474363,esti_uppb_epi,2.44,0.9
520,0.06299605249474363,n_moves,1839.0,
521,0.06299605249474363,ss_assort,0.7181778242195089,
522,0.06299605249474363,modul,0.4718651399997842,
523,0.06299605249474363,esti_uppb_epi,500.0,0.5
524,0.06299605249474363,esti_uppb_epi,392.055,0.6
525,0.06299605249474363,esti_uppb_epi,278.4533333333333,0.7
526,0.06299605249474363,esti_uppb_epi,74.84,0.8
527,0.06299605249474363,esti_uppb_epi,2.56,0.9
528,0.06299605249474363,n_moves,1812.0,
529,0.06299605249474363,ss_assort,0.7397404637495434,
530,0.06299605249474363,modul,0.48571243999986247,
531,0.06299605249474363,esti_uppb_epi,496.012,0.5
532,0.06299605249474363,esti_uppb_epi,400.0,0.6
533,0.06299605249474363,esti_uppb_epi,270.84,0.7
534,0.06299605249474363,esti_uppb_epi,60.68,0.8
535,0.06299605249474363,esti_uppb_epi,2.58,0.9
536,0.06299605249474363,n_moves,1823.0,
537,0.06299605249474363,ss_assort,0.7601518363404411,
538,0.06299605249474363,modul,0.4804573999998349,
539,0.06299605249474363,esti_uppb_epi,498.004,0.5
540,0.06299605249474363,esti_uppb_epi,396.015,0.6
541,0.06299605249474363,esti_uppb_epi,282.3,0.7
542,0.06299605249474363,esti_uppb_epi,98.85,0.8
543,0.06299605249474363,esti_uppb_epi,4.04,0.9
544,0.06299605249474363,n_moves,1755.0,
545,0.06299605249474363,ss_assort,0.7176811941419554,
546,0.06299605249474363,modul,0.4997886399998496,
547,0.06299605249474363,esti_uppb_epi,498.004,0.5
548,0.06299605249474363,esti_uppb_epi,388.11,0.6
549,0.06299605249474363,esti_uppb_epi,254.05333333333334,0.7
550,0.06299605249474363,esti_uppb_epi,120.77,0.8
551,0.06299605249474363,esti_uppb_epi,8.72,0.9
552,0.06299605249474363,n_moves,1819.0,
553,0.06299605249474363,ss_assort,0.7203328106626308,
554,0.06299605249474363,modul,0.4970228999998457,
555,0.06299605249474363,esti_uppb_epi,500.0,0.5
556,0.06299605249474363,esti_uppb_epi,388.105,0.6
557,0.06299605249474363,esti_uppb_epi,267.0933333333333,0.7
558,0.06299605249474363,esti_uppb_epi,68.75,0.8
559,0.06299605249474363,esti_uppb_epi,3.98,0.9
560,0.12566053148961803,n_moves,2521.0,
561,0.12566053148961803,ss_assort,0.7400372401393325,
562,0.12566053148961803,modul,0.37562941999987565,
563,0.12566053148961803,esti_uppb_epi,496.012,0.5
564,0.12566053148961803,esti_uppb_epi,396.015,0.6
565,0.12566053148961803,esti_uppb_epi,263.3,0.7
566,0.12566053148961803,esti_uppb_epi,128.33,0.8
567,0.12566053148961803,esti_uppb_epi,5.44,0.9
568,0.12566053148961803,n_moves,2462.0,
569,0.12566053148961803,ss_assort,0.7245525005578007,
570,0.12566053148961803,modul,0.39909915999987733,
571,0.12566053148961803,esti_uppb_epi,498.004,0.5
572,0.12566053148961803,esti_uppb_epi,386.155,0.6
573,0.12566053148961803,esti_uppb_epi,270.8066666666667,0.7
574,0.12566053148961803,esti_uppb_epi,111.39,0.8
575,0.12566053148961803,esti_uppb_epi,4.48,0.9
576,0.12566053148961803,n_moves,2592.0,
577,0.12566053148961803,ss_assort,0.7176810289716594,
578,0.12566053148961803,modul,0.37324813999989387,
579,0.12566053148961803,esti_uppb_epi,498.004,0.5
580,0.12566053148961803,esti_uppb_epi,396.015,0.6
581,0.12566053148961803,esti_uppb_epi,246.79333333333332,0.7
582,0.12566053148961803,esti_uppb_epi,134.87,0.8
583,0.12566053148961803,esti_uppb_epi,4.64,0.9
584,0.12566053148961803,n_moves,2576.0,
585,0.12566053148961803,ss_assort,0.7201295328158518,
586,0.12566053148961803,modul,0.37879917999987445,
587,0.12566053148961803,esti_uppb_epi,494.024,0.5
588,0.12566053148961803,esti_uppb_epi,396.015,0.6
589,0.12566053148961803,esti_uppb_epi,268.92,0.7
590,0.12566053148961803,esti_uppb_epi,136.42,0.8
591,0.12566053148961803,esti_uppb_epi,3.4,0.9
592,0.12566053148961803,n_moves,2581.0,
593,0.12566053148961803,ss_assort,0.7697171550574258,
594,0.12566053148961803,modul,0.382812739999885,
595,0.12566053148961803,esti_uppb_epi,500.0,0.5
596,0.12566053148961803,esti_uppb_epi,388.105,0.6
597,0.12566053148961803,esti_uppb_epi,274.61333333333334,0.7
598,0.12566053148961803,esti_uppb_epi,112.92,0.8
599,0.12566053148961803,esti_uppb_epi,5.4,0.9
600,0.12566053148961803,n_moves,2562.0,
601,0.12566053148961803,ss_assort,0.7956825624638425,
602,0.12566053148961803,modul,0.3714009999998688,
603,0.12566053148961803,esti_uppb_epi,494.024,0.5
604,0.12566053148961803,esti_uppb_epi,388.105,0.6
605,0.12566053148961803,esti_uppb_epi,282.3,0.7
606,0.12566053148961803,esti_uppb_epi,96.12,0.8
607,0.12566053148961803,esti_uppb_epi,3.86,0.9
608,0.12566053148961803,n_moves,2524.0,
609,0.12566053148961803,ss_assort,0.8060899280048784,
610,0.12566053148961803,modul,0.3812567799998753,
611,0.12566053148961803,esti_uppb_epi,500.0,0.5
612,0.12566053148961803,esti_uppb_epi,390.075,0.6
613,0.12566053148961803,esti_uppb_epi,263.32,0.7
614,0.12566053148961803,esti_uppb_epi,148.2,0.8
615,0.12566053148961803,esti_uppb_epi,7.84,0.9
616,0.12566053148961803,n_moves,2518.0,
617,0.12566053148961803,ss_assort,0.7879001706175071,
618,0.12566053148961803,modul,0.3900687799998776,
619,0.12566053148961803,esti_uppb_epi,494.028,0.5
620,0.12566053148961803,esti_uppb_epi,394.03,0.6
621,0.12566053148961803,esti_uppb_epi,268.92,0.7
622,0.12566053148961803,esti_uppb_epi,105.94,0.8
623,0.12566053148961803,esti_uppb_epi,4.02,0.9
624,0.12566053148961803,n_moves,2491.0,
625,0.12566053148961803,ss_assort,0.7649560983387004,
626,0.12566053148961803,modul,0.39300609999987746,
627,0.12566053148961803,esti_uppb_epi,496.012,0.5
628,0.12566053148961803,esti_uppb_epi,394.03,0.6
629,0.12566053148961803,esti_uppb_epi,280.37333333333333,0.7
630,0.12566053148961803,esti_uppb_epi,97.32,0.8
631,0.12566053148961803,esti_uppb_epi,3.9,0.9
632,0.12566053148961803,n_moves,2511.0,
633,0.12566053148961803,ss_assort,0.7700227304311517,
634,0.12566053148961803,modul,0.38145689999986426,
635,0.12566053148961803,esti_uppb_epi,498.004,0.5
636,0.12566053148961803,esti_uppb_epi,392.05,0.6
637,0.12566053148961803,esti_uppb_epi,276.52,0.7
638,0.12566053148961803,esti_uppb_epi,56.57,0.8
639,0.12566053148961803,esti_uppb_epi,4.08,0.9
640,0.250659661183863,n_moves,2354.0,
641,0.250659661183863,ss_assort,0.6338890029352275,
642,0.250659661183863,modul,0.41842313999987885,
643,0.250659661183863,esti_uppb_epi,500.0,0.5
644,0.250659661183863,esti_uppb_epi,378.34,0.6
645,0.250659661183863,esti_uppb_epi,246.86666666666667,0.7
646,0.250659661183863,esti_uppb_epi,125.38,0.8
647,0.250659661183863,esti_uppb_epi,6.7,0.9
648,0.250659661183863,n_moves,2371.0,
649,0.250659661183863,ss_assort,0.5991991171423188,
650,0.250659661183863,modul,0.42102023999986127,
651,0.250659661183863,esti_uppb_epi,494.028,0.5
652,0.250659661183863,esti_uppb_epi,382.23,0.6
653,0.250659661183863,esti_uppb_epi,272.7,0.7
654,0.250659661183863,esti_uppb_epi,125.31,0.8
655,0.250659661183863,esti_uppb_epi,4.02,0.9
656,0.250659661183863,n_moves,2337.0,
657,0.250659661183863,ss_assort,0.6284496551236428,
658,0.250659661183863,modul,0.4111599199998741,
659,0.250659661183863,esti_uppb_epi,500.0,0.5
660,0.250659661183863,esti_uppb_epi,388.11,0.6
661,0.250659661183863,esti_uppb_epi,278.44,0.7
662,0.250659661183863,esti_uppb_epi,115.01,0.8
663,0.250659661183863,esti_uppb_epi,2.92,0.9
664,0.250659661183863,n_moves,2289.0,
665,0.250659661183863,ss_assort,0.6588034895940057,
666,0.250659661183863,modul,0.43035761999988076,
667,0.250659661183863,esti_uppb_epi,496.012,0.5
668,0.250659661183863,esti_uppb_epi,394.035,0.6
669,0.250659661183863,esti_uppb_epi,268.97333333333336,0.7
670,0.250659661183863,esti_uppb_epi,93.94,0.8
671,0.250659661183863,esti_uppb_epi,9.3,0.9
672,0.250659661183863,n_moves,2322.0,
673,0.250659661183863,ss_assort,0.6818660789380259,
674,0.250659661183863,modul,0.41030953999985825,
675,0.250659661183863,esti_uppb_epi,498.004,0.5
676,0.250659661183863,esti_uppb_epi,392.05,0.6
677,0.250659661183863,esti_uppb_epi,270.82666666666665,0.7
678,0.250659661183863,esti_uppb_epi,119.05,0.8
679,0.250659661183863,esti_uppb_epi,6.16,0.9
680,0.250659661183863,n_moves,2271.0,
681,0.250659661183863,ss_assort,0.6759616526105341,
682,0.250659661183863,modul,0.43100949999989646,
683,0.250659661183863,esti_uppb_epi,498.004,0.5
684,0.250659661183863,esti_uppb_epi,390.075,0.6
685,0.250659661183863,esti_uppb_epi,274.62666666666667,0.7
686,0.250659661183863,esti_uppb_epi,97.57,0.8
687,0.250659661183863,esti_uppb_epi,6.48,0.9
688,0.250659661183863,n_moves,2393.0,
689,0.250659661183863,ss_assort,0.6612355872385203,
690,0.250659661183863,modul,0.40219041999986216,
691,0.250659661183863,esti_uppb_epi,494.024,0.5
692,0.250659661183863,esti_uppb_epi,394.03,0.6
693,0.250659661183863,esti_uppb_epi,259.55333333333334,0.7
694,0.250659661183863,esti_uppb_epi,128.35,0.8
695,0.250659661183863,esti_uppb_epi,3.66,0.9
696,0.250659661183863,n_moves,2311.0,
697,0.250659661183863,ss_assort,0.6128436298703638,
698,0.250659661183863,modul,0.4256980199998967,
699,0.250659661183863,esti_uppb_epi,500.0,0.5
700,0.250659661183863,esti_uppb_epi,392.05,0.6
701,0.250659661183863,esti_uppb_epi,270.8066666666667,0.7
702,0.250659661183863,esti_uppb_epi,117.48,0.8
703,0.250659661183863,esti_uppb_epi,3.64,0.9
704,0.250659661183863,n_moves,2358.0,
705,0.250659661183863,ss_assort,0.6203071766073317,
706,0.250659661183863,modul,0.4094478799998662,
707,0.250659661183863,esti_uppb_epi,500.0,0.5
708,0.250659661183863,esti_uppb_epi,386.14,0.6
709,0.250659661183863,esti_uppb_epi,272.7266666666667,0.7
710,0.250659661183863,esti_uppb_epi,117.56,0.8
711,0.250659661183863,esti_uppb_epi,3.3,0.9
712,0.250659661183863,n_moves,2301.0,
713,0.250659661183863,ss_assort,0.5637175176853622,
714,0.250659661183863,modul,0.42615477999987583,
715,0.250659661183863,esti_uppb_epi,496.012,0.5
716,0.250659661183863,esti_uppb_epi,388.105,0.6
717,0.250659661183863,esti_uppb_epi,274.61333333333334,0.7
718,0.250659661183863,esti_uppb_epi,128.26,0.8
719,0.250659661183863,esti_uppb_epi,7.84,0.9
720,0.5,n_moves,0.0,
721,0.5,ss_assort,-0.002739171585515743,
722,0.5,modul,0.6414573799961513,
723,0.5,esti_uppb_epi,245.928,0.5
724,0.5,esti_uppb_epi,118.34,0.6
725,0.5,esti_uppb_epi,15.493333333333334,0.7
726,0.5,esti_uppb_epi,5.09,0.8
727,0.5,esti_uppb_epi,2.4,0.9
728,0.5,n_moves,0.0,
729,0.5,ss_assort,-0.010523191018666627,
730,0.5,modul,0.6563914999958432,
731,0.5,esti_uppb_epi,226.788,0.5
732,0.5,esti_uppb_epi,53.155,0.6
733,0.5,esti_uppb_epi,11.26,0.7
734,0.5,esti_uppb_epi,4.39,0.8
735,0.5,esti_uppb_epi,2.98,0.9
736,0.5,n_moves,0.0,
737,0.5,ss_assort,0.010288169060729,
738,0.5,modul,0.6467912199960418,
739,0.5,esti_uppb_epi,300.536,0.5
740,0.5,esti_uppb_epi,58.63,0.6
741,0.5,esti_uppb_epi,15.52,0.7
742,0.5,esti_uppb_epi,6.5,0.8
743,0.5,esti_uppb_epi,2.32,0.9
744,0.5,n_moves,0.0,
745,0.5,ss_assort,0.0263160400879022,
746,0.5,modul,0.7004874199968848,
747,0.5,esti_uppb_epi,363.524,0.5
748,0.5,esti_uppb_epi,156.37,0.6
749,0.5,esti_uppb_epi,17.833333333333332,0.7
750,0.5,esti_uppb_epi,4.79,0.8
751,0.5,esti_uppb_epi,2.42,0.9
752,0.5,n_moves,0.0,
753,0.5,ss_assort,0.01703798661481046,
754,0.5,modul,0.6504234999957302,
755,0.5,esti_uppb_epi,196.86,0.5
756,0.5,esti_uppb_epi,37.01,0.6
757,0.5,esti_uppb_epi,14.586666666666666,0.7
758,0.5,esti_uppb_epi,4.92,0.8
759,0.5,esti_uppb_epi,2.12,0.9
760,0.5,n_moves,0.0,
761,0.5,ss_assort,0.05660721148543916,
762,0.5,modul,0.6515864599957041,
763,0.5,esti_uppb_epi,370.36,0.5
764,0.5,esti_uppb_epi,61.72,0.6
765,0.5,esti_uppb_epi,12.24,0.7
766,0.5,esti_uppb_epi,6.93,0.8
767,0.5,esti_uppb_epi,2.0,0.9
768,0.5,n_moves,0.0,
769,0.5,ss_assort,0.0374539352798909,
770,0.5,modul,0.6527972199958237,
771,0.5,esti_uppb_epi,366.144,0.5
772,0.5,esti_uppb_epi,39.055,0.6
773,0.5,esti_uppb_epi,10.4,0.7
774,0.5,esti_uppb_epi,5.34,0.8
775,0.5,esti_uppb_epi,2.36,0.9
776,0.5,n_moves,0.0,
777,0.5,ss_assort,-0.03715454918116642,
778,0.5,modul,0.6996576599967619,
779,0.5,esti_uppb_epi,307.728,0.5
780,0.5,esti_uppb_epi,27.355,0.6
781,0.5,esti_uppb_epi,12.28,0.7
782,0.5,esti_uppb_epi,3.9,0.8
783,0.5,esti_uppb_epi,2.54,0.9
784,0.5,n_moves,0.0,
785,0.5,ss_assort,-0.007613136736203317,
786,0.5,modul,0.6489539399959148,
787,0.5,esti_uppb_epi,457.476,0.5
788,0.5,esti_uppb_epi,85.37,0.6
789,0.5,esti_uppb_epi,12.226666666666667,0.7
790,0.5,esti_uppb_epi,4.67,0.8
791,0.5,esti_uppb_epi,2.5,0.9
792,0.5,n_moves,0.0,
793,0.5,ss_assort,-0.08997049889452098,
794,0.5,modul,0.6827421399967417,
795,0.5,esti_uppb_epi,394.496,0.5
796,0.5,esti_uppb_epi,41.025,0.6
797,0.5,esti_uppb_epi,21.133333333333333,0.7
798,0.5,esti_uppb_epi,5.11,0.8
799,0.5,esti_uppb_epi,2.1,0.9
